[
  {
    "pID": 1,
    "pName": "Define Chart API",
    "pStart": "",
    "pEnd": "",
    "pPlanStart": "",
    "pPlanEnd": "",
    "pClass": "ggroupblack",
    "pLink": "",
    "pMile": 0,
    "pRes": "Mario",
    "pComp": 0,
    "pGroup": 1,
    "pParent": 0,
    "pOpen": 1,
    "pDepend": "",
    "pCaption": "",
    "pNotes": "",
    "category": "",
    "sector": ""
  },
  {
    "pID": 11,
    "pName": "Chart Object",
    "pStart": "2018-06-20",
    "pEnd": "2018-07-20",
    "pClass": "gtaskpink",
    "pLink": "",
    "pMile": 0,
    "pRes": "Henrique",
    "pComp": 100,
    "pGroup": 0,
    "pParent": 1,
    "pOpen": 1,
    "pDepend": "",
    "pCaption": "",
    "pNotes": "",
    "category": "",
    "sector": ""
  },
  {
    "pID": 12,
    "pName": "Task Objects",
    "pStart": "2018-08-10",
    "pEnd": "2018-09-10",
    "pClass": "gtaskblue",
    "pLink": "",
    "pMile": 0,
    "pRes": "Henrique",
    "pComp": 40,
    "pGroup": 0,
    "pParent": 1,
    "pOpen": 1,
    "pDepend": "",
    "pCaption": "",
    "pNotes": ""
  }
]