[
  {
    "pID": 1,
    "pName": "Define Chart API",
    "pStart": "",
    "pEnd": "",
    "pPlanStart": "",
    "pPlanEnd": "",
    "pClass": "ggroupblack",
    "pLink": "",
    "pMile": 0,
    "pRes": "Mario",
    "pComp": 0,
    "pGroup": 1,
    "pParent": 0,
    "pOpen": 1,
    "pDepend": "",
    "pCaption": "",
    "pNotes": "Some Notes text",
    "category": "Planning",
    "sector": "CMO"
  },
  {
    "pID": 11,
    "pName": "Chart Object",
    "pStart": "2018-06-20",
    "pEnd": "2018-07-20",
    "pClass": "gmilestone",
    "pLink": "",
    "pMile": 1,
    "pRes": "Henrique",
    "pComp": 100,
    "pGroup": 0,
    "pParent": 1,
    "pOpen": 1,
    "pDepend": "",
    "pCaption": "",
    "pNotes": "",
    "category": "Executive",
    "sector": "CEO"
  },
  {
    "pID": 12,
    "pName": "Task Objects",
    "pStart": "",
    "pEnd": "",
    "pClass": "ggroupblack",
    "pLink": "",
    "pMile": 0,
    "pRes": "Henrique",
    "pComp": 40,
    "pGroup": 1,
    "pParent": 1,
    "pOpen": 1,
    "pDepend": "",
    "pCaption": "",
    "pNotes": ""
  },
  {
    "pID": 121,
    "pName": "<a href='yahoo.com'>Constructor Proc #1234 of February 2018</a>",
    "pStart": "2018-06-21",
    "pEnd": "2018-07-09",
    "pClass": "gtaskblue",
    "pLink": "",
    "pMile": 0,
    "pRes": "Pedro",
    "pComp": 60,
    "pGroup": 0,
    "pParent": 12,
    "pOpen": 1,
    "pDepend": "",
    "pCaption": "",
    "pNotes": ""
  },
  {
    "pID": 122,
    "pName": "Task Variables",
    "pStart": "2018-07-06",
    "pEnd": "2018-07-11",
    "pPlanStart": "2018-07-03",
    "pPlanEnd": "2018-07-09",
    "pClass": "gtaskred",
    "pLink": "",
    "pMile": 0,
    "pRes": "Mario",
    "pComp": 60,
    "pGroup": 0,
    "pParent": 12,
    "pOpen": 1,
    "pDepend": 121,
    "pCaption": "",
    "pNotes": ""
  },
  {
    "pID": 123,
    "pName": "Task by Minute/Hour",
    "pStart": "",
    "pEnd": "",
    "pPlanStart": "2018-07-01",
    "pPlanEnd": "2018-07-15 12:00",
    "pClass": "gtaskyellow",
    "pLink": "",
    "pMile": 0,
    "pRes": "Mario",
    "pComp": 60,
    "pGroup": 0,
    "pParent": 12,
    "pOpen": 1,
    "pDepend": "",
    "pCaption": "",
    "pNotes": "",
    "pCost": 1000
  },
  {
    "pID": 124,
    "pName": "Task Functions",
    "pStart": "2018-07-09",
    "pEnd": "2018-07-29",
    "pClass": "gtaskred",
    "pLink": "",
    "pMile": 0,
    "pRes": "Anyone",
    "pComp": 60,
    "pGroup": 0,
    "pParent": 12,
    "pOpen": 1,
    "pDepend": "123SS",
    "pCaption": "This is a caption",
    "pNotes": null,
    "pCost": 34
  },
  {
    "pID": 2,
    "pName": "Create HTML Shell",
    "pStart": "2018-07-24",
    "pEnd": "2018-07-24",
    "pClass": "gtaskyellow",
    "pLink": "",
    "pMile": 0,
    "pRes": "Mario",
    "pComp": 20,
    "pGroup": 0,
    "pParent": 0,
    "pOpen": 1,
    "pDepend": 122,
    "pCaption": "",
    "pNotes": ""
  },
  {
    "pID": 3,
    "pName": "Code Javascript",
    "pStart": "",
    "pEnd": "",
    "pClass": "ggroupblack",
    "pLink": "",
    "pMile": 0,
    "pRes": "Mario",
    "pComp": 0,
    "pGroup": 1,
    "pParent": 0,
    "pOpen": 1,
    "pDepend": "",
    "pCaption": "",
    "pNotes": ""
  },
  {
    "pID": 31,
    "pName": "Define Variables",
    "pStart": "2018-06-25",
    "pEnd": "2018-07-17",
    "pPlanStart": "2018-06-24",
    "pPlanEnd": "2018-07-15 12:00",
    "pClass": "gtaskpurple",
    "pLink": "",
    "pMile": 0,
    "pRes": "Mario",
    "pComp": 30,
    "pGroup": 0,
    "pParent": 3,
    "pOpen": 1,
    "pDepend": "",
    "pCaption": "",
    "pNotes": ""
  },
  {
    "pID": 32,
    "pName": "Calculate Chart Size",
    "pStart": "2018-07-15",
    "pEnd": "2018-07-24",
    "pClass": "gtaskgreen",
    "pLink": "",
    "pMile": 0,
    "pRes": "Henrique",
    "pComp": 40,
    "pGroup": 0,
    "pParent": 3,
    "pOpen": 1,
    "pDepend": "",
    "pCaption": "",
    "pNotes": ""
  },
  {
    "pID": 33,
    "pName": "Draw Task Items",
    "pStart": "",
    "pEnd": "",
    "pClass": "ggroupblack",
    "pLink": "",
    "pMile": 0,
    "pRes": "Someone",
    "pComp": 40,
    "pGroup": 2,
    "pParent": 3,
    "pOpen": 1,
    "pDepend": "",
    "pCaption": "",
    "pNotes": ""
  },
  {
    "pID": 332,
    "pName": "Task Label Table",
    "pStart": "2018-07-06",
    "pEnd": "2018-07-09",
    "pClass": "gtaskblue",
    "pLink": "",
    "pMile": 0,
    "pRes": "Mario",
    "pComp": 60,
    "pGroup": 0,
    "pParent": 33,
    "pOpen": 1,
    "pDepend": "",
    "pCaption": "",
    "pNotes": ""
  },
  {
    "pID": 333,
    "pName": "Task Scrolling Grid",
    "pStart": "2018-07-11",
    "pEnd": "2018-07-20",
    "pClass": "gtaskblue",
    "pLink": "",
    "pMile": 0,
    "pRes": "Mario",
    "pComp": 0,
    "pGroup": 0,
    "pParent": 33,
    "pOpen": 1,
    "pDepend": "332",
    "pCaption": "",
    "pNotes": ""
  },
  {
    "pID": 34,
    "pName": "Draw Task Bars",
    "pStart": "",
    "pEnd": "",
    "pClass": "ggroupblack",
    "pLink": "",
    "pMile": 0,
    "pRes": "Anybody",
    "pComp": 67,
    "pGroup": 1,
    "pParent": 3,
    "pOpen": 0,
    "pDepend": "",
    "pCaption": "",
    "pNotes": ""
  },
  {
    "pID": 341,
    "pName": "Loop each Task",
    "pStart": "2018-07-26",
    "pEnd": "2018-04-11",
    "pClass": "gtaskred",
    "pLink": "",
    "pMile": 0,
    "pRes": "Mario",
    "pComp": 60,
    "pGroup": 0,
    "pParent": 34,
    "pOpen": 1,
    "pDepend": "",
    "pCaption": "",
    "pNotes": ""
  },
  {
    "pID": "A342",
    "pName": "Calculate Start/Stop",
    "pStart": "2018-04-12",
    "pEnd": "2018-05-18",
    "pClass": "gtaskpink",
    "pLink": "",
    "pMile": 0,
    "pRes": "Mario",
    "pComp": 60,
    "pGroup": 0,
    "pParent": 34,
    "pOpen": 1,
    "pDepend": "",
    "pCaption": "",
    "pNotes": ""
  },
  {
    "pID": 343,
    "pName": "Draw Task Div",
    "pStart": "2018-05-13",
    "pEnd": "2018-05-17",
    "pClass": "gtaskred",
    "pLink": "",
    "pMile": 0,
    "pRes": "Mario",
    "pComp": 60,
    "pGroup": 0,
    "pParent": 34,
    "pOpen": 1,
    "pDepend": "",
    "pCaption": "",
    "pNotes": ""
  },
  {
    "pID": 344,
    "pName": "Draw Completion Div",
    "pStart": "2018-05-17",
    "pEnd": "2018-06-04",
    "pClass": "gtaskred",
    "pLink": "",
    "pMile": 0,
    "pRes": "Mario",
    "pComp": 60,
    "pGroup": 0,
    "pParent": 34,
    "pOpen": 1,
    "pDepend": "A342,343",
    "pCaption": "",
    "pNotes": ""
  },
  {
    "pID": 35,
    "pName": "Make Updates",
    "pStart": "2018-07-17",
    "pEnd": "2019-01-15",
    "pClass": "gtaskpurple",
    "pLink": "",
    "pMile": 0,
    "pRes": "Mario",
    "pComp": 30,
    "pGroup": 0,
    "pParent": 3,
    "pOpen": 1,
    "pDepend": "333",
    "pCaption": "",
    "pNotes": ""
  }
]